"id","parent_id","name","code","slug","description","is_active","sort_order","image","created_at","updated_at"
"1",NULL,"Building Materials","BUILDI","building-materials","Building Materials category","1","1",NULL,"2026-01-14 20:30:21","2026-02-06 05:58:29"
"2","1","Cement","CEMENT","cement","Cement subcategory","1","1",NULL,"2026-01-14 20:30:21","2026-02-06 05:58:29"
"3","1","Sand & Aggregates","SAND&AGG","sand-aggregates","Sand & Aggregates subcategory","1","2",NULL,"2026-01-14 20:30:21","2026-02-06 05:58:29"
"4","1","Bricks & Blocks","BRICKS&B","bricks-blocks","Bricks & Blocks subcategory","1","3",NULL,"2026-01-14 20:30:21","2026-02-06 05:58:29"
"5","1","Lime & Mortar","LIME&MOR","building-materials-lime-mortar","Lime & Mortar under Building Materials","1","4",NULL,"2026-01-14 20:30:21","2026-01-15 18:39:03"
"6","1","Gypsum & Plaster","GYPSUM&P","building-materials-gypsum-plaster","Gypsum & Plaster under Building Materials","1","5",NULL,"2026-01-14 20:30:21","2026-01-15 18:39:03"
"7","1","Reinforcement","REINFORC","building-materials-reinforcement","Reinforcement under Building Materials","1","6",NULL,"2026-01-14 20:30:22","2026-01-15 18:39:03"
"8","1","Adhesives & Construction Chemicals","ADHESIVE","building-materials-adhesives-construction-chemicals","Adhesives & Construction Chemicals under Building Materials","1","7",NULL,"2026-01-14 20:30:22","2026-01-15 18:39:03"
"9",NULL,"Plumbing","PLUMBI","plumbing","Plumbing category","1","2",NULL,"2026-01-14 20:30:22","2026-02-06 05:58:29"
"10","9","Pipes","PIPES","plumbing-pipes","Pipes under Plumbing","1","1",NULL,"2026-01-14 20:30:22","2026-01-15 18:39:03"
"11","9","Fittings","FITTINGS","plumbing-fittings","Fittings under Plumbing","1","2",NULL,"2026-01-14 20:30:22","2026-01-15 18:39:03"
"12","9","Valves","VALVES","valves","Valves subcategory","1","3",NULL,"2026-01-14 20:30:22","2026-02-06 05:58:29"
"13","9","Taps & Mixers","TAPS&MIX","plumbing-taps-mixers","Taps & Mixers under Plumbing","1","4",NULL,"2026-01-14 20:30:22","2026-01-15 18:39:03"
"14","9","Toilets & Sanitary Ware","TOILETS&","plumbing-toilets-sanitary-ware","Toilets & Sanitary Ware under Plumbing","1","5",NULL,"2026-01-14 20:30:22","2026-01-15 18:39:03"
"15","9","Water Tanks","WATERTAN","plumbing-water-tanks","Water Tanks under Plumbing","1","6",NULL,"2026-01-14 20:30:22","2026-01-15 18:39:03"
"16","9","Water Pumps","WATERPUM","plumbing-water-pumps","Water Pumps under Plumbing","1","7",NULL,"2026-01-14 20:30:22","2026-01-15 18:39:03"
"17","9","Hoses & Connectors","HOSES&CO","plumbing-hoses-connectors","Hoses & Connectors under Plumbing","1","8",NULL,"2026-01-14 20:30:22","2026-01-15 18:39:03"
"18","9","Drainage Systems","DRAINAGE","plumbing-drainage-systems","Drainage Systems under Plumbing","1","9",NULL,"2026-01-14 20:30:22","2026-01-15 18:39:03"
"19","9","PVC, PPR, Copper, HDPE","PVC,PPR,","plumbing-pvc-ppr-copper-hdpe","PVC, PPR, Copper, HDPE under Plumbing","1","10",NULL,"2026-01-14 20:30:22","2026-01-15 18:39:03"
"20",NULL,"Electrical","ELECTR","electrical","Electrical category","1","3",NULL,"2026-01-14 20:30:22","2026-02-06 05:58:29"
"21","20","Wires & Cables","WIRES&CA","electrical-wires-cables","Wires & Cables under Electrical","1","1",NULL,"2026-01-14 20:30:22","2026-01-15 18:39:03"
"22","20","Switches & Sockets","SWITCHES","switches-sockets","Switches & Sockets subcategory","1","2",NULL,"2026-01-14 20:30:22","2026-02-06 05:58:29"
"23","20","Circuit Breakers","CIRCUITB","circuit-breakers","Circuit Breakers subcategory","1","3",NULL,"2026-01-14 20:30:22","2026-02-06 05:58:29"
"24","20","Distribution Boards","DISTRIBU","electrical-distribution-boards","Distribution Boards under Electrical","1","4",NULL,"2026-01-14 20:30:22","2026-01-15 18:39:03"
"25","20","Lighting","LIGHTING","electrical-lighting","Lighting under Electrical","1","5",NULL,"2026-01-14 20:30:22","2026-01-15 18:39:03"
"26","20","Bulbs & Fixtures","BULBS&FI","electrical-bulbs-fixtures","Bulbs & Fixtures under Electrical","1","6",NULL,"2026-01-14 20:30:22","2026-01-15 18:39:03"
"27","20","Conduits & Trunking","CONDUITS","electrical-conduits-trunking","Conduits & Trunking under Electrical","1","7",NULL,"2026-01-14 20:30:22","2026-01-15 18:39:03"
"28","39","Power Tools","POWERTOO","electrical-power-tools","Power Tools under Electrical","1","2",NULL,"2026-01-14 20:30:22","2026-01-15 18:39:03"
"29","20","Solar & Backup Systems","SOLAR&BA","electrical-solar-backup-systems","Solar & Backup Systems under Electrical","1","9",NULL,"2026-01-14 20:30:22","2026-01-15 18:39:03"
"30",NULL,"Hardware","HARDWA","hardware","Hardware - top level category","1","4",NULL,"2026-01-14 20:30:22","2026-01-15 18:39:03"
"31","30","Locks & Keys","LOCKS&KE","hardware-locks-keys","Locks & Keys under Hardware","1","1",NULL,"2026-01-14 20:30:22","2026-01-15 18:39:03"
"32","76","Hinges","HINGES","hardware-hinges","Hinges under Hardware","1","2",NULL,"2026-01-14 20:30:22","2026-01-15 18:39:03"
"33","30","Handles","HANDLES","hardware-handles","Handles under Hardware","1","3",NULL,"2026-01-14 20:30:22","2026-01-15 18:39:03"
"34","55","Nails","NAILS","hardware-nails","Nails under Hardware","1","2",NULL,"2026-01-14 20:30:22","2026-01-15 18:39:03"
"35","55","Screws","SCREWS","hardware-screws","Screws under Hardware","1","1",NULL,"2026-01-14 20:30:22","2026-01-15 18:39:03"
"36","30","Bolts & Nuts","BOLTS&NU","hardware-bolts-nuts","Bolts & Nuts under Hardware","1","6",NULL,"2026-01-14 20:30:22","2026-01-15 18:39:03"
"37","30","Chains & Ropes","CHAINS&R","hardware-chains-ropes","Chains & Ropes under Hardware","1","7",NULL,"2026-01-14 20:30:22","2026-01-15 18:39:03"
"38","30","Hooks & Brackets","HOOKS&BR","hardware-hooks-brackets","Hooks & Brackets under Hardware","1","8",NULL,"2026-01-14 20:30:22","2026-01-15 18:39:03"
"39",NULL,"Tools & Equipment","TOOLS&","tools-equipment","Tools & Equipment - top level category","1","5",NULL,"2026-01-14 20:30:22","2026-01-15 18:39:03"
"40","39","Hand Tools","HANDTOOL","tools-equipment-hand-tools","Hand Tools under Tools & Equipment","1","1",NULL,"2026-01-14 20:30:22","2026-01-15 18:39:03"
"41","39","Measuring Tools","MEASURIN","tools-equipment-measuring-tools","Measuring Tools under Tools & Equipment","1","3",NULL,"2026-01-14 20:30:22","2026-01-15 18:39:03"
"42","39","Cutting Tools","CUTTINGT","tools-equipment-cutting-tools","Cutting Tools under Tools & Equipment","1","4",NULL,"2026-01-14 20:30:22","2026-01-15 18:39:03"
"43","39","Welding Equipment","WELDINGE","tools-equipment-welding-equipment","Welding Equipment under Tools & Equipment","1","5",NULL,"2026-01-14 20:30:22","2026-01-15 18:39:03"
"44","39","Ladders & Scaffolding","LADDERS&","tools-equipment-ladders-scaffolding","Ladders & Scaffolding under Tools & Equipment","1","6",NULL,"2026-01-14 20:30:22","2026-01-15 18:39:03"
"45",NULL,"Paints & Chemicals","PAINTS","paints-chemicals","Paints & Chemicals - top level category","1","6",NULL,"2026-01-14 20:30:22","2026-01-15 18:39:03"
"46","45","Interior Paint","INTERIOR","paints-chemicals-interior-paint","Interior Paint under Paints & Chemicals","1","1",NULL,"2026-01-14 20:30:22","2026-01-15 18:39:03"
"47","45","Exterior Paint","EXTERIOR","paints-chemicals-exterior-paint","Exterior Paint under Paints & Chemicals","1","2",NULL,"2026-01-14 20:30:22","2026-01-15 18:39:03"
"48","45","Primers","PRIMERS","paints-chemicals-primers","Primers under Paints & Chemicals","1","3",NULL,"2026-01-14 20:30:22","2026-01-15 18:39:03"
"49","45","Thinners & Solvents","THINNERS","paints-chemicals-thinners-solvents","Thinners & Solvents under Paints & Chemicals","1","4",NULL,"2026-01-14 20:30:22","2026-01-15 18:39:03"
"50","45","Waterproofing","WATERPRO","paints-chemicals-waterproofing","Waterproofing under Paints & Chemicals","1","5",NULL,"2026-01-14 20:30:22","2026-01-15 18:39:03"
"51","45","Sealants & Adhesives","SEALANTS","paints-chemicals-sealants-adhesives","Sealants & Adhesives under Paints & Chemicals","1","6",NULL,"2026-01-14 20:30:22","2026-01-15 18:39:03"
"52","45","Industrial Chemicals","INDUSTRI","paints-chemicals-industrial-chemicals","Industrial Chemicals under Paints & Chemicals","1","7",NULL,"2026-01-14 20:30:22","2026-01-15 18:39:03"
"53","45","Wood Treatment","WOODTREA","paints-chemicals-wood-treatment","Wood Treatment under Paints & Chemicals","1","8",NULL,"2026-01-14 20:30:22","2026-01-15 18:39:03"
"54","45","Rust Protection","RUSTPROT","paints-chemicals-rust-protection","Rust Protection under Paints & Chemicals","1","9",NULL,"2026-01-14 20:30:22","2026-01-15 18:39:03"
"55",NULL,"Fasteners & Fixings","FASTEN","fasteners-fixings","Fasteners & Fixings - top level category","1","7",NULL,"2026-01-14 20:30:22","2026-01-15 18:39:03"
"56","55","Bolts","BOLTS","fasteners-fixings-bolts","Bolts under Fasteners & Fixings","1","3",NULL,"2026-01-14 20:30:22","2026-01-15 18:39:03"
"57","55","Anchors","ANCHORS","fasteners-fixings-anchors","Anchors under Fasteners & Fixings","1","4",NULL,"2026-01-14 20:30:22","2026-01-15 18:39:03"
"58","55","Washers","WASHERS","fasteners-fixings-washers","Washers under Fasteners & Fixings","1","5",NULL,"2026-01-14 20:30:22","2026-01-15 18:39:03"
"59","55","Rivets","RIVETS","fasteners-fixings-rivets","Rivets under Fasteners & Fixings","1","6",NULL,"2026-01-14 20:30:22","2026-01-15 18:39:03"
"60","55","Wall Plugs","WALLPLUG","fasteners-fixings-wall-plugs","Wall Plugs under Fasteners & Fixings","1","7",NULL,"2026-01-14 20:30:22","2026-01-15 18:39:03"
"61",NULL,"Roofing & Flooring","ROOFIN","roofing-flooring","Roofing & Flooring - top level category","1","8",NULL,"2026-01-14 20:30:22","2026-01-15 18:39:03"
"62","61","Roofing Sheets","ROOFINGS","roofing-flooring-roofing-sheets","Roofing Sheets under Roofing & Flooring","1","1",NULL,"2026-01-14 20:30:22","2026-01-15 18:39:03"
"63","61","Tiles","TILES","roofing-flooring-tiles","Tiles under Roofing & Flooring","1","2",NULL,"2026-01-14 20:30:22","2026-01-15 18:39:03"
"64","61","Waterproof Sheets","WATERPRO","roofing-flooring-waterproof-sheets","Waterproof Sheets under Roofing & Flooring","1","3",NULL,"2026-01-14 20:30:22","2026-01-15 18:39:03"
"65","61","Ceiling Boards","CEILINGB","roofing-flooring-ceiling-boards","Ceiling Boards under Roofing & Flooring","1","4",NULL,"2026-01-14 20:30:22","2026-01-15 18:39:03"
"66","61","Vinyl Flooring","VINYLFLO","roofing-flooring-vinyl-flooring","Vinyl Flooring under Roofing & Flooring","1","5",NULL,"2026-01-14 20:30:22","2026-01-15 18:39:03"
"67","61","Ceramic Tiles","CERAMICT","roofing-flooring-ceramic-tiles","Ceramic Tiles under Roofing & Flooring","1","6",NULL,"2026-01-14 20:30:22","2026-01-15 18:39:03"
"68","61","Wooden Flooring","WOODENFL","roofing-flooring-wooden-flooring","Wooden Flooring under Roofing & Flooring","1","7",NULL,"2026-01-14 20:30:22","2026-01-15 18:39:03"
"69",NULL,"Safety & Protective Gear","SAFETY","safety-protective-gear","Safety & Protective Gear - top level category","1","9",NULL,"2026-01-14 20:30:22","2026-01-15 18:39:03"
"70","69","Helmets","HELMETS","safety-protective-gear-helmets","Helmets under Safety & Protective Gear","1","1",NULL,"2026-01-14 20:30:22","2026-01-15 18:39:03"
"71","69","Gloves","GLOVES","safety-protective-gear-gloves","Gloves under Safety & Protective Gear","1","2",NULL,"2026-01-14 20:30:22","2026-01-15 18:39:03"
"72","69","Safety Boots","SAFETYBO","safety-protective-gear-safety-boots","Safety Boots under Safety & Protective Gear","1","3",NULL,"2026-01-14 20:30:22","2026-01-15 18:39:03"
"73","69","Goggles","GOGGLES","safety-protective-gear-goggles","Goggles under Safety & Protective Gear","1","4",NULL,"2026-01-14 20:30:22","2026-01-15 18:39:03"
"74","69","Reflective Jackets","REFLECTI","safety-protective-gear-reflective-jackets","Reflective Jackets under Safety & Protective Gear","1","5",NULL,"2026-01-14 20:30:22","2026-01-15 18:39:03"
"75","69","Fire Extinguishers","FIREEXTI","safety-protective-gear-fire-extinguishers","Fire Extinguishers under Safety & Protective Gear","1","6",NULL,"2026-01-14 20:30:22","2026-01-15 18:39:03"
"76",NULL,"Doors, Windows & Fittings","DOORS,","doors-windows-fittings","Doors, Windows & Fittings - top level category","1","10",NULL,"2026-01-14 20:30:22","2026-01-15 18:39:03"
"77","76","Door Locks","DOORLOCK","doors-windows-fittings-door-locks","Door Locks under Doors, Windows & Fittings","1","1",NULL,"2026-01-14 20:30:22","2026-01-15 18:39:03"
"78","76","Frames","FRAMES","doors-windows-fittings-frames","Frames under Doors, Windows & Fittings","1","3",NULL,"2026-01-14 20:30:22","2026-01-15 18:39:03"
"79","76","Glass","GLASS","doors-windows-fittings-glass","Glass under Doors, Windows & Fittings","1","4",NULL,"2026-01-14 20:30:22","2026-01-15 18:39:03"
"80","76","Sliding Systems","SLIDINGS","doors-windows-fittings-sliding-systems","Sliding Systems under Doors, Windows & Fittings","1","5",NULL,"2026-01-14 20:30:22","2026-01-15 18:39:03"
"81",NULL,"Pipes & Tubing","PIPES&","pipes-tubing","Pipes & Tubing - top level category","1","11",NULL,"2026-01-14 20:30:22","2026-01-15 18:39:03"
"82","81","PVC Pipes","PVCPIPES","pipes-tubing-pvc-pipes","PVC Pipes under Pipes & Tubing","1","1",NULL,"2026-01-14 20:30:22","2026-01-15 18:39:03"
"83","81","PPR Pipes","PPRPIPES","pipes-tubing-ppr-pipes","PPR Pipes under Pipes & Tubing","1","2",NULL,"2026-01-14 20:30:22","2026-01-15 18:39:03"
"84","81","HDPE Pipes","HDPEPIPE","pipes-tubing-hdpe-pipes","HDPE Pipes under Pipes & Tubing","1","3",NULL,"2026-01-14 20:30:22","2026-01-15 18:39:03"
"85","81","Copper Pipes","COPPERPI","pipes-tubing-copper-pipes","Copper Pipes under Pipes & Tubing","1","4",NULL,"2026-01-14 20:30:22","2026-01-15 18:39:03"
"86","81","Steel Pipes","STEELPIP","pipes-tubing-steel-pipes","Steel Pipes under Pipes & Tubing","1","5",NULL,"2026-01-14 20:30:22","2026-01-15 18:39:03"
"87","81","Flexible Hoses","FLEXIBLE","pipes-tubing-flexible-hoses","Flexible Hoses under Pipes & Tubing","1","6",NULL,"2026-01-14 20:30:22","2026-01-15 18:39:03"
"88",NULL,"Industrial Supplies","INDUST","industrial-supplies","Industrial Supplies - top level category","1","12",NULL,"2026-01-14 20:30:22","2026-01-15 18:39:03"
"89","88","Lubricants","LUBRICAN","industrial-supplies-lubricants","Lubricants under Industrial Supplies","1","1",NULL,"2026-01-14 20:30:22","2026-01-15 18:39:03"
"90","88","Gaskets","GASKETS","industrial-supplies-gaskets","Gaskets under Industrial Supplies","1","2",NULL,"2026-01-14 20:30:22","2026-01-15 18:39:03"
"91","88","Bearings","BEARINGS","industrial-supplies-bearings","Bearings under Industrial Supplies","1","3",NULL,"2026-01-14 20:30:22","2026-01-15 18:39:03"
"92","88","Belts","BELTS","industrial-supplies-belts","Belts under Industrial Supplies","1","4",NULL,"2026-01-14 20:30:22","2026-01-15 18:39:03"
"93","88","Industrial Adhesives","INDUSTRI","industrial-supplies-industrial-adhesives","Industrial Adhesives under Industrial Supplies","1","5",NULL,"2026-01-14 20:30:22","2026-01-15 18:39:03"
"94","88","Cleaning Chemicals","CLEANING","industrial-supplies-cleaning-chemicals","Cleaning Chemicals under Industrial Supplies","1","6",NULL,"2026-01-14 20:30:22","2026-01-15 18:39:03"
"97",NULL,"Roofing Materials",NULL,"roofing-materials","Roofing Materials category","1","0",NULL,"2026-02-06 05:58:29","2026-02-06 05:58:29"
"98","20","Cables & Wires",NULL,"cables-wires","Cables & Wires subcategory","1","0",NULL,"2026-02-06 05:58:29","2026-02-06 05:58:29"
"99","20","Light Bulbs & Fixtures",NULL,"light-bulbs-fixtures","Light Bulbs & Fixtures subcategory","1","0",NULL,"2026-02-06 05:58:29","2026-02-06 05:58:29"
"100","9","Pipes & Fittings",NULL,"pipes-fittings","Pipes & Fittings subcategory","1","0",NULL,"2026-02-06 05:58:29","2026-02-06 05:58:29"
"101","9","Water Taps",NULL,"water-taps","Water Taps subcategory","1","0",NULL,"2026-02-06 05:58:29","2026-02-06 05:58:29"
"102","9","Tanks & Accessories",NULL,"tanks-accessories","Tanks & Accessories subcategory","1","0",NULL,"2026-02-06 05:58:29","2026-02-06 05:58:29"
"103",NULL,"Tools",NULL,"tools","Tools category","1","0",NULL,"2026-02-06 05:58:29","2026-02-06 05:58:29"
"104","103","Hand Tools",NULL,"hand-tools","Hand Tools subcategory","1","0",NULL,"2026-02-06 05:58:29","2026-02-06 05:58:29"
"105","103","Power Tools",NULL,"power-tools","Power Tools subcategory","1","0",NULL,"2026-02-06 05:58:29","2026-02-06 05:58:29"
"106","103","Measuring Tools",NULL,"measuring-tools","Measuring Tools subcategory","1","0",NULL,"2026-02-06 05:58:29","2026-02-06 05:58:29"
"107",NULL,"Fasteners",NULL,"fasteners","Fasteners category","1","0",NULL,"2026-02-06 05:58:29","2026-02-06 05:58:29"
"108","107","Nails",NULL,"nails","Nails subcategory","1","0",NULL,"2026-02-06 05:58:29","2026-02-06 05:58:29"
"109","107","Screws",NULL,"screws","Screws subcategory","1","0",NULL,"2026-02-06 05:58:29","2026-02-06 05:58:29"
"110","107","Bolts & Nuts",NULL,"bolts-nuts","Bolts & Nuts subcategory","1","0",NULL,"2026-02-06 05:58:29","2026-02-06 05:58:29"
"111","107","Anchors",NULL,"anchors","Anchors subcategory","1","0",NULL,"2026-02-06 05:58:29","2026-02-06 05:58:29"
"112",NULL,"Paint & Finishing",NULL,"paint-finishing","Paint & Finishing category","1","0",NULL,"2026-02-06 05:58:29","2026-02-06 05:58:29"
"113","112","Paint",NULL,"paint","Paint subcategory","1","0",NULL,"2026-02-06 05:58:29","2026-02-06 05:58:29"
"114","112","Brushes & Rollers",NULL,"brushes-rollers","Brushes & Rollers subcategory","1","0",NULL,"2026-02-06 05:58:29","2026-02-06 05:58:29"
"115","112","Thinners & Solvents",NULL,"thinners-solvents","Thinners & Solvents subcategory","1","0",NULL,"2026-02-06 05:58:29","2026-02-06 05:58:29"
"116",NULL,"Safety Equipment",NULL,"safety-equipment","Safety Equipment category","1","0",NULL,"2026-02-06 05:58:29","2026-02-06 05:58:29"
"117","116","Gloves",NULL,"gloves","Gloves subcategory","1","0",NULL,"2026-02-06 05:58:29","2026-02-06 05:58:29"
"118","116","Helmets",NULL,"helmets","Helmets subcategory","1","0",NULL,"2026-02-06 05:58:29","2026-02-06 05:58:29"
"119","116","Safety Boots",NULL,"safety-boots","Safety Boots subcategory","1","0",NULL,"2026-02-06 05:58:29","2026-02-06 05:58:29"
"120",NULL,"Adhesives & Sealants",NULL,"adhesives-sealants","Adhesives & Sealants category","1","0",NULL,"2026-02-06 05:58:29","2026-02-06 05:58:29"
"121","120","Glue",NULL,"glue","Glue subcategory","1","0",NULL,"2026-02-06 05:58:29","2026-02-06 05:58:29"
"122","120","Silicone",NULL,"silicone","Silicone subcategory","1","0",NULL,"2026-02-06 05:58:29","2026-02-06 05:58:29"
"123","120","Epoxy",NULL,"epoxy","Epoxy subcategory","1","0",NULL,"2026-02-06 05:58:29","2026-02-06 05:58:29"
"124",NULL,"oil & lubricants",NULL,"oil-lubricants","lubricants","1","0",NULL,"2026-02-12 07:53:47","2026-02-12 07:53:47"
"126",NULL,"KUFULI",NULL,"kufuli",NULL,"1","0",NULL,"2026-02-17 05:56:29","2026-02-17 05:56:29"
"127",NULL,"gundi",NULL,"gundi",NULL,"1","0",NULL,"2026-02-17 06:38:47","2026-02-17 06:38:47"
