"id","sku","barcode","upc","ean","name","slug","description","category_id","store_id","subcategory_id","brand","material","color","specifications","base_unit","weight","weight_unit","length","width","height","dimension_unit","volume","volume_unit","cost_price","buying_price","buying_unit","buying_unit_quantity","wholesale_price","bulk_price","discount_rate","tax_class","quantity_in_stock","quantity_in_transit","quantity_reserved","reorder_point","reorder_quantity","low_stock_threshold","location","pieces_per_package","packages_per_box","boxes_per_pallet","supplier_id","manufacturer_id","country_of_origin","warranty_period","warranty_unit","return_period_days","is_active","is_featured","is_new_arrival","is_public","meta_title","meta_description","created_at","updated_at","deleted_at","image1","image2","image3","image4","image5","image6","product_type","model_number","warehouse_location","bin_number","is_hazardous","is_flammable","is_corrosive","requires_certification","certification_number","tags"
"101","HBK000001","30679071396513",NULL,NULL,"supreme oil 1lt petrol","supreme-oil-1lt-petrol-PM9ih8",NULL,"124",NULL,NULL,"supreme",NULL,NULL,"[]","carton",NULL,"kg",NULL,NULL,NULL,"cm",NULL,"liter","5166.67","62000.00","carton","12.00",NULL,NULL,"0.00","standard","0.000","0.000","0.000","5.000","50.000","1.000",NULL,NULL,NULL,NULL,NULL,NULL,NULL,"0","months","30","1","0","1","1",NULL,NULL,"2026-02-12 08:26:36","2026-02-12 08:26:36",NULL,"products/101/BtTNOi0iIAn5fjB8PVuvibi3hkQ3ae8grAZDYMqs.jpeg",NULL,NULL,NULL,NULL,NULL,"standard",NULL,NULL,NULL,"0","0","0","0",NULL,"[]"
"102","HBK000102","60514384465534",NULL,NULL,"staney oil sae40 disel 20lt[dum]","staney-oil-sae40-disel-20ltdum-epsYc8",NULL,"124",NULL,NULL,NULL,NULL,NULL,"{""buying_unit"":""carton"",""buying_qty"":1}","carton",NULL,"kg",NULL,NULL,NULL,"cm",NULL,"liter","76000.00","76000.00","carton","1.00",NULL,NULL,"0.00","standard","0.000","0.000","0.000","2.000","50.000","2.000",NULL,NULL,NULL,NULL,NULL,NULL,NULL,"0","months","30","1","0","1","1",NULL,NULL,"2026-02-12 08:30:35","2026-02-12 08:39:33",NULL,"products/102/8oDdxwJmbqYFmwkZw0uchNMNzhAYyTgC0a47zFgs.jpeg",NULL,NULL,NULL,NULL,NULL,"standard",NULL,NULL,NULL,"0","0","0","0",NULL,"""[]"""
"103","HBK000103","59510401395165",NULL,NULL,"hexagen oil sae40 petrol [dumu]","hexagen-oil-sae40-petrol-dumu-AmwY2A",NULL,"124",NULL,NULL,NULL,NULL,NULL,"[]","carton",NULL,"kg",NULL,NULL,NULL,"cm",NULL,"liter","76000.00","76000.00","carton","1.00",NULL,NULL,"0.00","standard","0.000","0.000","0.000","2.000","50.000","2.000",NULL,NULL,NULL,NULL,NULL,NULL,NULL,"0","months","30","1","0","1","1",NULL,NULL,"2026-02-12 08:35:24","2026-02-12 08:35:24",NULL,"products/103/I1bGhDQ0WEoVgxSZih8jpIHl5fgdNQdNVw9Gd6OG.jpeg",NULL,NULL,NULL,NULL,NULL,"standard",NULL,NULL,NULL,"0","0","0","0",NULL,"[]"
"104","HBK000104","98756697170424",NULL,NULL,"magic oil ep140","magic-oil-ep140-rr2pNc",NULL,"124",NULL,NULL,NULL,NULL,NULL,"{""buying_unit"":""carton"",""buying_qty"":1}","carton",NULL,"kg",NULL,NULL,NULL,"cm",NULL,"liter","88000.00","88000.00","carton","1.00",NULL,NULL,"0.00","standard","0.000","0.000","0.000","2.000","50.000","2.000",NULL,NULL,NULL,NULL,NULL,NULL,NULL,"0","months","30","1","0","1","1",NULL,NULL,"2026-02-12 08:38:51","2026-02-12 08:42:43",NULL,"products/104/AKABp9R2RHHSDrixOgwjig9UTl9szv21fXYIIq1M.jpeg",NULL,NULL,NULL,NULL,NULL,"standard",NULL,NULL,NULL,"0","0","0","0",NULL,"""[]"""
"105","HBK000105","82281843078993",NULL,NULL,"magic oil ep90","magic-oil-ep90-B1IZBJ",NULL,"124",NULL,NULL,NULL,NULL,NULL,"[]","carton",NULL,"kg",NULL,NULL,NULL,"cm",NULL,"liter","88000.00","88000.00","carton","1.00",NULL,NULL,"0.00","standard","0.000","0.000","0.000","2.000","50.000","2.000",NULL,NULL,NULL,NULL,NULL,NULL,NULL,"0","months","30","1","0","1","1",NULL,NULL,"2026-02-12 08:41:53","2026-02-12 08:41:53",NULL,"products/105/sooVVw5rGho0FmRFKotDseI8loPlSZmfrOvUdHfr.jpeg",NULL,NULL,NULL,NULL,NULL,"standard",NULL,NULL,NULL,"0","0","0","0",NULL,"[]"
"106","HBK000106","78979755339629",NULL,NULL,"mogas turbofleet 20lt [15W-40]","mogas-turbofleet-20lt-15w-40-ZICKbT",NULL,"124",NULL,NULL,NULL,NULL,NULL,"[]","carton",NULL,"kg",NULL,NULL,NULL,"cm",NULL,"liter","165000.00","165000.00","carton","1.00",NULL,NULL,"0.00","standard","0.000","0.000","0.000","2.000","50.000","0.000",NULL,NULL,NULL,NULL,NULL,NULL,NULL,"0","months","30","1","0","1","1",NULL,NULL,"2026-02-12 08:51:26","2026-02-12 08:51:26",NULL,"products/106/iq2QKNQnUqnh8UrJpdujwWSXqOfkC6In62zVvPfH.jpeg",NULL,NULL,NULL,NULL,NULL,"standard",NULL,NULL,NULL,"0","0","0","0",NULL,"[]"
"107","HBK000107","33747708302933",NULL,NULL,"mogas duramax sae40  20lt","mogas-duramax-sae40-20lt-caVcxt",NULL,"124",NULL,NULL,NULL,NULL,NULL,"[]","carton",NULL,"kg",NULL,NULL,NULL,"cm",NULL,"liter","150000.00","150000.00","carton","1.00",NULL,NULL,"0.00","standard","0.000","0.000","0.000","2.000","50.000","1.000",NULL,NULL,NULL,NULL,NULL,NULL,NULL,"0","months","30","1","0","1","1",NULL,NULL,"2026-02-12 08:57:07","2026-02-12 08:57:07",NULL,"products/107/7Ux0e3ccMRzxUo2BLorbmo3M6b0BjhQlsPF1Yv56.jpeg",NULL,NULL,NULL,NULL,NULL,"standard",NULL,NULL,NULL,"0","0","0","0",NULL,"[]"
"108","HBK000108","50884634712837",NULL,NULL,"crown disel sae40 20lt","crown-disel-sae40-20lt-p5EUXN",NULL,"124",NULL,NULL,"crown",NULL,NULL,"[]","carton",NULL,"kg",NULL,NULL,NULL,"cm",NULL,"liter","76000.00","76000.00","carton","1.00",NULL,NULL,"0.00","standard","0.000","0.000","0.000","2.000","50.000","2.000",NULL,NULL,NULL,NULL,NULL,NULL,NULL,"0","months","30","1","0","1","1",NULL,NULL,"2026-02-12 09:00:27","2026-02-12 09:00:27",NULL,"products/108/u56AKtJ5FBxB56qH7lgbpL2CGeypRGe8gYYqvrBN.jpeg",NULL,NULL,NULL,NULL,NULL,"standard",NULL,NULL,NULL,"0","0","0","0",NULL,"[]"
"109","HBK000109","86149738914247",NULL,NULL,"edura grease 20lt","edura-grease-20lt-MHqmns",NULL,"124",NULL,NULL,"endura",NULL,NULL,"[]","carton",NULL,"kg",NULL,NULL,NULL,"cm",NULL,"liter","193000.00","193000.00","carton","1.00",NULL,NULL,"0.00","standard","0.000","0.000","0.000","10.000","50.000","10.000",NULL,NULL,NULL,NULL,NULL,NULL,NULL,"0","months","30","1","0","1","1",NULL,NULL,"2026-02-12 09:04:28","2026-02-12 09:04:28",NULL,"products/109/80ONfgJBGJAfyHowC7DYXteFABhyHcT6YfbfFQVa.jpeg",NULL,NULL,NULL,NULL,NULL,"standard",NULL,NULL,NULL,"0","0","0","0",NULL,"[]"
"110","HBK000110","36440279905254",NULL,NULL,"magic grease","magic-grease-aqazw5",NULL,"124",NULL,NULL,"magic",NULL,NULL,"[]","carton",NULL,"kg",NULL,NULL,NULL,"cm",NULL,"liter","85000.00","85000.00","carton","1.00",NULL,NULL,"0.00","standard","0.000","0.000","0.000","10.000","50.000","10.000",NULL,NULL,NULL,NULL,NULL,NULL,NULL,"0","months","30","1","0","1","1",NULL,NULL,"2026-02-12 09:06:26","2026-02-12 09:06:26",NULL,"products/110/FXyYhDRGpuPuyVgGfMr1qqeKtkT6ebhAlmVhweIM.jpeg",NULL,NULL,NULL,NULL,NULL,"standard",NULL,NULL,NULL,"0","0","0","0",NULL,"[]"
"111","HBK000111","72726810363790",NULL,NULL,"rubia tir 7400 20lt","rubia-tir-7400-20lt-dpO2po",NULL,"124",NULL,NULL,"total",NULL,NULL,"[]","carton",NULL,"kg",NULL,NULL,NULL,"cm",NULL,"liter","195000.00","195000.00","carton","1.00",NULL,NULL,"0.00","standard","0.000","0.000","0.000","2.000","50.000","1.000",NULL,NULL,NULL,NULL,NULL,NULL,NULL,"0","months","30","1","0","1","1",NULL,NULL,"2026-02-12 09:08:50","2026-02-12 09:08:50",NULL,"products/111/UxFCmPAWpClyVSRz27WVveaE1z2u1tHvtqSLRCVv.jpeg",NULL,NULL,NULL,NULL,NULL,"standard",NULL,NULL,NULL,"0","0","0","0",NULL,"[]"
"112","HBK000112","25235258892968",NULL,NULL,"crown petrol oil sae40 20lt","crown-petrol-oil-sae40-20lt-Lnplbc",NULL,"124",NULL,NULL,"crown",NULL,NULL,"[]","carton",NULL,"kg",NULL,NULL,NULL,"cm",NULL,"liter","76000.00","76000.00","carton","1.00",NULL,NULL,"0.00","standard","0.000","0.000","0.000","10.000","50.000","10.000",NULL,NULL,NULL,NULL,NULL,NULL,NULL,"0","months","30","1","0","1","1",NULL,NULL,"2026-02-12 09:11:12","2026-02-12 09:11:12",NULL,"products/112/4eqjBbIqVxbJ6gpX0i9cvftdesFTehZ4oMMn1Vt8.jpeg",NULL,NULL,NULL,NULL,NULL,"standard",NULL,NULL,NULL,"0","0","0","0",NULL,"[]"
"113","HBK000113","84215217364793",NULL,NULL,"oxide maji ya betri","oxide-maji-ya-betri-1BOrpr",NULL,"124",NULL,NULL,"oxide",NULL,NULL,"[]","carton",NULL,"kg",NULL,NULL,NULL,"cm",NULL,"liter","2166.67","26000.00","carton","12.00",NULL,NULL,"0.00","standard","0.000","0.000","0.000","5.000","50.000","5.000",NULL,NULL,NULL,NULL,NULL,NULL,NULL,"0","months","30","1","0","1","1",NULL,NULL,"2026-02-12 09:15:33","2026-02-12 09:15:33",NULL,"products/113/QUukM6e3AMQVA4JSSASi49aC1IGfWekjtl7TZMMg.jpeg",NULL,NULL,NULL,NULL,NULL,"standard",NULL,NULL,NULL,"0","0","0","0",NULL,"[]"
"114","HBK000114","48104918552248",NULL,NULL,"endura grease 500g [ndogo]","endura-grease-500g-ndogo-wqc7ts",NULL,"124",NULL,NULL,"endura",NULL,NULL,"[]","carton",NULL,"kg",NULL,NULL,NULL,"cm",NULL,"liter","7333.33","176000.00","carton","24.00",NULL,NULL,"0.00","standard","0.000","0.000","0.000","10.000","50.000","10.000",NULL,NULL,NULL,NULL,NULL,NULL,NULL,"0","months","30","1","0","1","1",NULL,NULL,"2026-02-12 09:19:46","2026-02-12 09:19:46",NULL,"products/114/Xs9EGERa7AhEo2aowRBJ6IuJFXUbpMwd0RKhvmEZ.jpeg",NULL,NULL,NULL,NULL,NULL,"standard",NULL,NULL,NULL,"0","0","0","0",NULL,"[]"
"115","HBK000115","35359062806133",NULL,NULL,"oko","oko-TMvldx",NULL,"124",NULL,NULL,NULL,NULL,NULL,"[]","carton",NULL,"kg",NULL,NULL,NULL,"cm",NULL,"liter","2125.00","51000.00","carton","24.00",NULL,NULL,"0.00","standard","0.000","0.000","0.000","10.000","50.000","10.000",NULL,NULL,NULL,NULL,NULL,NULL,NULL,"0","months","30","1","0","1","1",NULL,NULL,"2026-02-12 09:24:54","2026-02-12 09:24:54",NULL,"products/115/wRrGzwNVVPNhWIeXfVCjgZOYBfAsTbobCxYAHggQ.jpeg",NULL,NULL,NULL,NULL,NULL,"standard",NULL,NULL,NULL,"0","0","0","0",NULL,"[]"
"116","HBK000116","55206555526338",NULL,NULL,"mogas turbofleet 5lt [15W-40]","mogas-turbofleet-5lt-15w-40-B0uREn",NULL,"124",NULL,NULL,"mogas",NULL,NULL,"[]","carton",NULL,"kg",NULL,NULL,NULL,"cm",NULL,"liter","41250.00","165000.00","carton","4.00",NULL,NULL,"0.00","standard","0.000","0.000","0.000","10.000","50.000","10.000",NULL,NULL,NULL,NULL,NULL,NULL,NULL,"0","months","30","1","0","1","1",NULL,NULL,"2026-02-12 09:30:07","2026-02-12 09:30:07",NULL,"products/116/0ilIU5uKDJg3hVJLDBi7v4FWV1laq81mwz8ev4Iz.jpeg",NULL,NULL,NULL,NULL,NULL,"standard",NULL,NULL,NULL,"0","0","0","0",NULL,"[]"
"117","HBK000117","56609910850078",NULL,NULL,"mogas duramax sae40  5lt","mogas-duramax-sae40-5lt-Ceiyxi",NULL,"124",NULL,NULL,"mogas",NULL,NULL,"[]","carton",NULL,"kg",NULL,NULL,NULL,"cm",NULL,"liter","37500.00","150000.00","carton","4.00",NULL,NULL,"0.00","standard","0.000","0.000","0.000","2.000","50.000","1.000",NULL,NULL,NULL,NULL,NULL,NULL,NULL,"0","months","30","1","0","1","1",NULL,NULL,"2026-02-12 09:33:23","2026-02-12 09:33:23",NULL,"products/117/CKHLLJ4z79MHPP3KSXJdzK5xF5x6LWNHvNuDiDbD.jpeg",NULL,NULL,NULL,NULL,NULL,"standard",NULL,NULL,NULL,"0","0","0","0",NULL,"[]"
"118","HBK000118","67571878262534",NULL,NULL,"total hi-perf[4t] 1lt","total-hi-perf4t-1lt-Z3scgY",NULL,"124",NULL,NULL,"total",NULL,NULL,"[]","carton",NULL,"kg",NULL,NULL,NULL,"cm",NULL,"liter","9416.67","113000.00","carton","12.00",NULL,NULL,"0.00","standard","0.000","0.000","0.000","10.000","50.000","10.000",NULL,NULL,NULL,NULL,NULL,NULL,NULL,"0","months","30","1","0","1","1",NULL,NULL,"2026-02-12 09:37:58","2026-02-12 09:37:58",NULL,"products/118/k4SjVjGSrqr3zuHOXsoVdswgeopJS9DBJwd9JO8a.jpeg",NULL,NULL,NULL,NULL,NULL,"standard",NULL,NULL,NULL,"0","0","0","0",NULL,"[]"
"119","HBK000119","71795304198782",NULL,NULL,"kms brake fruid kubwa [mafuta ya breki]","kms-brake-fruid-kubwa-mafuta-ya-breki-C8tfnh",NULL,"124",NULL,NULL,NULL,NULL,NULL,"[]","carton",NULL,"kg",NULL,NULL,NULL,"cm",NULL,"liter","3208.33","77000.00","carton","24.00",NULL,NULL,"0.00","standard","0.000","0.000","0.000","10.000","50.000","10.000",NULL,NULL,NULL,NULL,NULL,NULL,NULL,"0","months","30","1","0","1","1",NULL,NULL,"2026-02-12 09:47:42","2026-02-12 09:47:42",NULL,"products/119/B0as6sE9V2MLwSJuVfcNGGDn9v1lgoGRMiPkMv0D.jpeg",NULL,NULL,NULL,NULL,NULL,"standard",NULL,NULL,NULL,"0","0","0","0",NULL,"[]"
"120","HBK000120","48085205422276",NULL,NULL,"oryx oil 1lt","oryx-oil-1lt-1kFUJZ",NULL,"124",NULL,NULL,"oryx",NULL,NULL,"[]","carton",NULL,"kg",NULL,NULL,NULL,"cm",NULL,"liter","7500.00","180000.00","carton","24.00",NULL,NULL,"0.00","standard","0.000","0.000","0.000","10.000","50.000","10.000",NULL,NULL,NULL,NULL,NULL,NULL,NULL,"0","months","30","1","0","1","1",NULL,NULL,"2026-02-12 09:51:30","2026-02-12 09:51:30",NULL,"products/120/kxjabfkIFbk7jNHJhxoPbDjX46x579nhbvEyYrtq.jpeg",NULL,NULL,NULL,NULL,NULL,"standard",NULL,NULL,NULL,"0","0","0","0",NULL,"[]"
"121","HBK000121","24090469400702",NULL,NULL,"rock brake fruid [mafuta ya breki] ndogo","rock-brake-fruid-mafuta-ya-breki-ndogo-9PbIlu",NULL,"124",NULL,NULL,NULL,NULL,NULL,"[]","carton",NULL,"kg",NULL,NULL,NULL,"cm",NULL,"liter","1458.33","35000.00","carton","24.00",NULL,NULL,"0.00","standard","0.000","0.000","0.000","10.000","50.000","10.000",NULL,NULL,NULL,NULL,NULL,NULL,NULL,"0","months","30","1","0","1","1",NULL,NULL,"2026-02-12 09:56:57","2026-02-12 09:56:57",NULL,"products/121/o4UrpM0g8rWPf86fjlDM0KGIr38n9nWahGWhraO0.jpeg",NULL,NULL,NULL,NULL,NULL,"standard",NULL,NULL,NULL,"0","0","0","0",NULL,"[]"
"122","HBK000122","76833919334364",NULL,NULL,"gp 2trok sae30 500ml","gp-2trok-sae30-500ml-RxDwPB",NULL,"124",NULL,NULL,"gp",NULL,NULL,"[]","carton",NULL,"kg",NULL,NULL,NULL,"cm",NULL,"liter","3900.00","78000.00","carton","20.00",NULL,NULL,"0.00","standard","0.000","0.000","0.000","2.000","50.000","2.000",NULL,NULL,NULL,NULL,NULL,NULL,NULL,"0","months","30","1","0","1","1",NULL,NULL,"2026-02-12 10:01:15","2026-02-12 10:01:15",NULL,"products/122/mMiBM5YxZiv4N5dsWlNoZ8ZMNmJs2akxAs387Sp6.jpeg",NULL,NULL,NULL,NULL,NULL,"standard",NULL,NULL,NULL,"0","0","0","0",NULL,"[]"
"123","HBK000123","87698866749388",NULL,NULL,"mogas 4T 1lt","mogas-4t-1lt-6im2kr",NULL,"124",NULL,NULL,"mogas",NULL,NULL,"[]","carton",NULL,"kg",NULL,NULL,NULL,"cm",NULL,"liter","8350.00","83500.00","carton","10.00",NULL,NULL,"0.00","standard","0.000","0.000","0.000","2.000","50.000","2.000",NULL,NULL,NULL,NULL,NULL,NULL,NULL,"0","months","30","1","0","1","1",NULL,NULL,"2026-02-12 10:03:13","2026-02-12 10:03:13",NULL,"products/123/W6tyv6GeYeHlCfovmV6sV9UZc4ACObxLWQY2mpoo.jpeg",NULL,NULL,NULL,NULL,NULL,"standard",NULL,NULL,NULL,"0","0","0","0",NULL,"[]"
"124","HBK000124","21931659498813",NULL,NULL,"international super px 1lt","international-super-px-1lt-Bpmfkk",NULL,"124",NULL,NULL,"gp",NULL,NULL,"[]","carton",NULL,"kg",NULL,NULL,NULL,"cm",NULL,"liter","6000.00","72000.00","carton","12.00",NULL,NULL,"0.00","standard","0.000","0.000","0.000","2.000","50.000","2.000",NULL,NULL,NULL,NULL,NULL,NULL,NULL,"0","months","30","1","0","1","1",NULL,NULL,"2026-02-12 10:06:38","2026-02-12 10:06:38",NULL,"products/124/T4GLVawZpWmoizHjfdYSosREt7YX2lw8w8IV74pM.jpeg",NULL,NULL,NULL,NULL,NULL,"standard",NULL,NULL,NULL,"0","0","0","0",NULL,"[]"
"125","HBK000125","40297042710611",NULL,NULL,"ludex ATF","ludex-atf-d2QAq4",NULL,"124",NULL,NULL,NULL,NULL,NULL,"[]","carton",NULL,"kg",NULL,NULL,NULL,"cm",NULL,"liter","7333.33","88000.00","carton","12.00",NULL,NULL,"0.00","standard","0.000","0.000","0.000","2.000","50.000","2.000",NULL,NULL,NULL,NULL,NULL,NULL,NULL,"0","months","30","1","0","1","1",NULL,NULL,"2026-02-12 10:09:31","2026-02-12 10:09:31",NULL,"products/125/wceDYZJtf96UwkFvUFBF9rX3OfKvmARb75MaD34Y.jpeg",NULL,NULL,NULL,NULL,NULL,"standard",NULL,NULL,NULL,"0","0","0","0",NULL,"[]"
"126","HBK000126","30789856829677",NULL,NULL,"crown disel 1lt","crown-disel-1lt-bqDCx9",NULL,"124",NULL,NULL,"crown",NULL,NULL,"[]","carton",NULL,"kg",NULL,NULL,NULL,"cm",NULL,"liter","5250.00","63000.00","carton","12.00",NULL,NULL,"0.00","standard","0.000","0.000","0.000","2.000","50.000","2.000",NULL,NULL,NULL,NULL,NULL,NULL,NULL,"0","months","30","1","0","1","1",NULL,NULL,"2026-02-12 10:12:27","2026-02-12 10:12:27",NULL,"products/126/WztOCyLtjQcC9Fx1KOCysyI65MYiBIBfEtgXbElc.jpeg",NULL,NULL,NULL,NULL,NULL,"standard",NULL,NULL,NULL,"0","0","0","0",NULL,"[]"
"127","HBK000127","37751648042968",NULL,NULL,"crown petrol 1lt","crown-petrol-1lt-SLZjZE",NULL,"124",NULL,NULL,"crown",NULL,NULL,"[]","carton",NULL,"kg",NULL,NULL,NULL,"cm",NULL,"liter","5250.00","63000.00","carton","12.00",NULL,NULL,"0.00","standard","0.000","0.000","0.000","2.000","50.000","2.000",NULL,NULL,NULL,NULL,NULL,NULL,NULL,"0","months","30","1","0","1","1",NULL,NULL,"2026-02-12 10:16:08","2026-02-12 10:16:08",NULL,"products/127/x6V6hW4b0JnQDxVbungK45pgYNeRmJWNN81gQHOB.jpeg",NULL,NULL,NULL,NULL,NULL,"standard",NULL,NULL,NULL,"0","0","0","0",NULL,"[]"
"128","HBK000128","23546947864512",NULL,NULL,"total motor oil 1lt","total-motor-oil-1lt-Rdf6YD",NULL,"124",NULL,NULL,"total",NULL,NULL,"[]","carton",NULL,"kg",NULL,NULL,NULL,"cm",NULL,"liter","9416.67","113000.00","carton","12.00",NULL,NULL,"0.00","standard","0.000","0.000","0.000","1.000","50.000","1.000",NULL,NULL,NULL,NULL,NULL,NULL,NULL,"0","months","30","1","0","1","1",NULL,NULL,"2026-02-12 10:26:07","2026-02-12 10:26:07",NULL,"products/128/OQDUiJFgdp4ZcnQUreqzVh91fNsGETbTBs68OmYw.jpeg",NULL,NULL,NULL,NULL,NULL,"standard",NULL,NULL,NULL,"0","0","0","0",NULL,"[]"
"130","HBK000129","88240520212932",NULL,NULL,"total rubia 1lt","total-rubia-1lt-neTbbl",NULL,"124",NULL,NULL,"total",NULL,NULL,"[]","carton",NULL,"kg",NULL,NULL,NULL,"cm",NULL,"liter","9416.67","113000.00","carton","12.00",NULL,NULL,"0.00","standard","0.000","0.000","0.000","2.000","50.000","2.000",NULL,NULL,NULL,NULL,NULL,NULL,NULL,"0","months","30","1","0","1","1",NULL,NULL,"2026-02-12 10:28:25","2026-02-12 10:28:25",NULL,"products/130/GdWQHKEqZESqckbAIuPx3ajnKi6krj6vkdR3Bj49.jpeg",NULL,NULL,NULL,NULL,NULL,"standard",NULL,NULL,NULL,"0","0","0","0",NULL,"[]"
"131","HBK000131","17822197045693",NULL,NULL,"total rubia 5lt","total-rubia-5lt-OEoBkC",NULL,"124",NULL,NULL,"total",NULL,NULL,"[]","carton",NULL,"kg",NULL,NULL,NULL,"cm",NULL,"liter","45000.00","135000.00","carton","3.00",NULL,NULL,"0.00","standard","0.000","0.000","0.000","2.000","50.000","2.000",NULL,NULL,NULL,NULL,NULL,NULL,NULL,"0","months","30","1","0","1","1",NULL,NULL,"2026-02-12 10:33:47","2026-02-12 10:33:47",NULL,"products/131/Uj9cPBqM5x1ETV26abgN5Lqts2mGJK66Rcc8wf0Z.jpeg",NULL,NULL,NULL,NULL,NULL,"standard",NULL,NULL,NULL,"0","0","0","0",NULL,"[]"
"132","HBK000132","46402989323950",NULL,NULL,"total motor oil","total-motor-oil-jcPHsF",NULL,"124",NULL,NULL,"total",NULL,NULL,"[]","carton",NULL,"kg",NULL,NULL,NULL,"cm",NULL,"liter","45000.00","135000.00","carton","3.00",NULL,NULL,"0.00","standard","0.000","0.000","0.000","1.000","50.000","1.000",NULL,NULL,NULL,NULL,NULL,NULL,NULL,"0","months","30","1","0","1","1",NULL,NULL,"2026-02-12 10:38:12","2026-02-12 10:38:12",NULL,"products/132/m0hiHlCMU7twB1YrEwvGZQ2Oq0RRED1mrsud6J9A.jpeg",NULL,NULL,NULL,NULL,NULL,"standard",NULL,NULL,NULL,"0","0","0","0",NULL,"[]"
"133","HBK000133","31977141990751",NULL,NULL,"total quartz","total-quartz-A6OcJ5",NULL,"124",NULL,NULL,"total",NULL,NULL,"[]","carton",NULL,"kg",NULL,NULL,NULL,"cm",NULL,"liter","51666.67","155000.00","carton","3.00",NULL,NULL,"0.00","standard","0.000","0.000","0.000","2.000","50.000","2.000",NULL,NULL,NULL,NULL,NULL,NULL,NULL,"0","months","30","1","0","1","1",NULL,NULL,"2026-02-12 10:41:04","2026-02-12 10:41:04",NULL,"products/133/G0rrC3lcqJKhuKxVjrReIyZ1x4g0AST5WcNZjeuO.jpeg",NULL,NULL,NULL,NULL,NULL,"standard",NULL,NULL,NULL,"0","0","0","0",NULL,"[]"
"134","HBK000134","40693891530030",NULL,NULL,"total rubia TIR","total-rubia-tir-C9q0Wj",NULL,"124",NULL,NULL,"total",NULL,NULL,"[]","carton",NULL,"kg",NULL,NULL,NULL,"cm",NULL,"liter","51666.67","155000.00","carton","3.00",NULL,NULL,"0.00","standard","0.000","0.000","0.000","2.000","50.000","2.000",NULL,NULL,NULL,NULL,NULL,NULL,NULL,"0","months","30","1","0","1","1",NULL,NULL,"2026-02-12 10:44:31","2026-02-12 10:44:31",NULL,"products/134/7DNwDaWKFzJs9Mc9lodplV5Yhl9HSP4l4sOx4o2J.jpeg",NULL,NULL,NULL,NULL,NULL,"standard",NULL,NULL,NULL,"0","0","0","0",NULL,"[]"
"135","HBK000135","50369808736529",NULL,NULL,"tai spray light blue","tai-spray-light-blue-TbW6w9",NULL,NULL,NULL,NULL,NULL,NULL,NULL,"[]","carton",NULL,"kg",NULL,NULL,NULL,"cm",NULL,"liter","2250.00","27000.00","carton","12.00",NULL,NULL,"0.00","standard","0.000","0.000","0.000","2.000","50.000","2.000",NULL,NULL,NULL,NULL,NULL,NULL,NULL,"0","months","30","1","0","1","1",NULL,NULL,"2026-02-13 14:07:19","2026-02-13 14:07:19",NULL,"products/135/4HhtqPfOEeyS4PVLhX5hIXHLzR8qWE2ZTRvFg1Uc.jpeg",NULL,NULL,NULL,NULL,NULL,"standard",NULL,NULL,NULL,"0","0","0","0",NULL,"[]"
"136","HBK000136","98856725273597",NULL,NULL,"tai spray white","tai-spray-white-PKXRxb",NULL,NULL,NULL,NULL,NULL,NULL,NULL,"[]","carton",NULL,"kg",NULL,NULL,NULL,"cm",NULL,"liter","2250.00","26999.99","carton","12.00",NULL,NULL,"0.00","standard","0.000","0.000","0.000","2.000","50.000","2.000",NULL,NULL,NULL,NULL,NULL,NULL,NULL,"0","months","30","1","0","1","1",NULL,NULL,"2026-02-13 14:11:43","2026-02-13 14:11:43",NULL,"products/136/pIuo4DLZXiEU3JPQYYOLIlKKVP85BIq7ybEhm6TO.jpeg",NULL,NULL,NULL,NULL,NULL,"standard",NULL,NULL,NULL,"0","0","0","0",NULL,"[]"
"137","HBK000137","94798106583562",NULL,NULL,"tai spray pink","tai-spray-pink-0sZe42",NULL,NULL,NULL,NULL,NULL,NULL,NULL,"[]","carton",NULL,"kg",NULL,NULL,NULL,"cm",NULL,"liter","2250.00","27000.00","carton","12.00",NULL,NULL,"0.00","standard","0.000","0.000","0.000","2.000","50.000","2.000",NULL,NULL,NULL,NULL,NULL,NULL,NULL,"0","months","30","1","0","1","1",NULL,NULL,"2026-02-13 14:16:22","2026-02-13 14:16:22",NULL,"products/137/LVv1dLeJMUgNuU3wnhUaMJMlPQwWgBjqb4n4wogI.jpeg",NULL,NULL,NULL,NULL,NULL,"standard",NULL,NULL,NULL,"0","0","0","0",NULL,"[]"
"138","HBK000138","87010161761769",NULL,NULL,"tai spray medium yellow","tai-spray-medium-yellow-iHm2N3",NULL,NULL,NULL,NULL,NULL,NULL,NULL,"[]","carton",NULL,"kg",NULL,NULL,NULL,"cm",NULL,"liter","2250.00","27000.00","carton","12.00",NULL,NULL,"0.00","standard","0.000","0.000","0.000","2.000","50.000","2.000",NULL,NULL,NULL,NULL,NULL,NULL,NULL,"0","months","30","1","0","1","1",NULL,NULL,"2026-02-13 14:20:05","2026-02-13 14:20:05",NULL,"products/138/B3IbGNkPRIHBQsvLYYzkBVT2DEGM77UUvRCv9xQo.jpeg",NULL,NULL,NULL,NULL,NULL,"standard",NULL,NULL,NULL,"0","0","0","0",NULL,"[]"
"139","HBK000139","63142280917769",NULL,NULL,"tai spray blue","tai-spray-blue-EAtTBh",NULL,NULL,NULL,NULL,NULL,NULL,NULL,"[]","carton",NULL,"kg",NULL,NULL,NULL,"cm",NULL,"liter","2250.00","27000.00","carton","12.00",NULL,NULL,"0.00","standard","0.000","0.000","0.000","2.000","50.000","2.000",NULL,NULL,NULL,NULL,NULL,NULL,NULL,"0","months","30","1","0","1","1",NULL,NULL,"2026-02-13 14:22:33","2026-02-13 14:22:33",NULL,"products/139/paBXSqWE4Jjg8Q4jGCrxOVx8XGBLTVLmUTon2we6.jpeg",NULL,NULL,NULL,NULL,NULL,"standard",NULL,NULL,NULL,"0","0","0","0",NULL,"[]"
"140","HBK000140","34064031132391",NULL,NULL,"tai spray red","tai-spray-red-pFjhsc",NULL,NULL,NULL,NULL,NULL,NULL,NULL,"[]","carton",NULL,"kg",NULL,NULL,NULL,"cm",NULL,"liter","2250.00","27000.00","carton","12.00",NULL,NULL,"0.00","standard","0.000","0.000","0.000","2.000","50.000","1.999",NULL,NULL,NULL,NULL,NULL,NULL,NULL,"0","months","30","1","0","1","1",NULL,NULL,"2026-02-13 14:25:00","2026-02-13 14:25:00",NULL,"products/140/xICBSCMCTPMDvHx5VLSdgtFacAeDYLwLPUTNFJtC.jpeg",NULL,NULL,NULL,NULL,NULL,"standard",NULL,NULL,NULL,"0","0","0","0",NULL,"[]"
"141","HBK000141","97422159589200",NULL,NULL,"tai spray brown","tai-spray-brown-jtpojj",NULL,NULL,NULL,NULL,NULL,NULL,NULL,"[]","carton",NULL,"kg",NULL,NULL,NULL,"cm",NULL,"liter","2454.55","27000.00","carton","11.00",NULL,NULL,"0.00","standard","0.000","0.000","0.000","2.000","50.000","2.000",NULL,NULL,NULL,NULL,NULL,NULL,NULL,"0","months","30","1","0","1","1",NULL,NULL,"2026-02-13 14:26:38","2026-02-13 14:26:38",NULL,"products/141/Ls2fa56PhagATmN0uhm9HOGEaAWkzLM45jsLHOhI.jpeg",NULL,NULL,NULL,NULL,NULL,"standard",NULL,NULL,NULL,"0","0","0","0",NULL,"[]"
"142","HBK000142","45393045502749",NULL,NULL,"tai spray green","tai-spray-green-GrZIgQ",NULL,NULL,NULL,NULL,NULL,NULL,NULL,"[]","carton",NULL,"kg",NULL,NULL,NULL,"cm",NULL,"liter","2250.00","27000.00","carton","12.00",NULL,NULL,"0.00","standard","0.000","0.000","0.000","2.000","50.000","2.000",NULL,NULL,NULL,NULL,NULL,NULL,NULL,"0","months","30","1","0","1","1",NULL,NULL,"2026-02-13 14:28:32","2026-02-13 14:28:32",NULL,"products/142/MHYVeCWPT4FOFFhVhh65OIA7ZydmzAdoJDqtV7yi.jpeg",NULL,NULL,NULL,NULL,NULL,"standard",NULL,NULL,NULL,"0","0","0","0",NULL,"[]"
"143","HBK000143","14760159380771",NULL,NULL,"tai spray black","tai-spray-black-Lzo9M5",NULL,NULL,NULL,NULL,NULL,NULL,NULL,"[]","piece",NULL,"kg",NULL,NULL,NULL,"cm",NULL,"liter","2250.00","27000.00","piece","12.00",NULL,NULL,"0.00","standard","0.000","0.000","0.000","5.000","50.000","4.999",NULL,NULL,NULL,NULL,NULL,NULL,NULL,"0","months","30","1","0","1","1",NULL,NULL,"2026-02-13 14:30:46","2026-02-13 14:30:46",NULL,"products/143/bi0fntGkia2dGbCJ809WgqHLNAZeoAJovZr7PwX4.jpeg",NULL,NULL,NULL,NULL,NULL,"standard",NULL,NULL,NULL,"0","0","0","0",NULL,"[]"
"144","HBK000144","45005469060732",NULL,NULL,"tai spray silver","tai-spray-silver-oi9de3",NULL,NULL,NULL,NULL,NULL,NULL,NULL,"[]","carton",NULL,"kg",NULL,NULL,NULL,"cm",NULL,"liter","2250.00","27000.00","carton","12.00",NULL,NULL,"0.00","standard","0.000","0.000","0.000","2.000","50.000","2.000",NULL,NULL,NULL,NULL,NULL,NULL,NULL,"0","months","30","1","0","1","1",NULL,NULL,"2026-02-13 14:33:24","2026-02-13 14:33:24",NULL,"products/144/ZVf9UZ3sM3V1lFggX1yZeYgqyOGzmfPcXUp6buIi.jpeg",NULL,NULL,NULL,NULL,NULL,"standard",NULL,NULL,NULL,"0","0","0","0",NULL,"[]"
"145","HBK000145","24941970712149",NULL,NULL,"tai spray medium grey","tai-spray-medium-grey-Ls7Lp7",NULL,NULL,NULL,NULL,NULL,NULL,NULL,"[]","carton",NULL,"kg",NULL,NULL,NULL,"cm",NULL,"liter","2454.55","27000.00","carton","11.00",NULL,NULL,"0.00","standard","0.000","0.000","0.000","2.000","50.000","2.000",NULL,NULL,NULL,NULL,NULL,NULL,NULL,"0","months","30","1","0","1","1",NULL,NULL,"2026-02-13 14:35:44","2026-02-13 14:35:44",NULL,"products/145/mNu2hBf1njgr5ly1u53DjWl68tyFCqyxib0EvcuE.jpeg",NULL,NULL,NULL,NULL,NULL,"standard",NULL,NULL,NULL,"0","0","0","0",NULL,"[]"
"146","HBK000146","74990736639076",NULL,NULL,"shengli kufuli no 32","shengli-kufuli-no-32-Ne5HVM",NULL,NULL,NULL,NULL,NULL,NULL,NULL,"[]","carton",NULL,"kg",NULL,NULL,NULL,"cm",NULL,"liter","958.33","230000.00","carton","240.00",NULL,NULL,"0.00","standard","0.000","0.000","0.000","60.000","50.000","60.000",NULL,NULL,NULL,NULL,NULL,NULL,NULL,"0","months","30","1","0","1","1",NULL,NULL,"2026-02-13 14:59:53","2026-02-13 14:59:53",NULL,"products/146/lQL7AiGsidpiqUwzPFfBYMxxNgexulbjIIgZFNDh.jpeg",NULL,NULL,NULL,NULL,NULL,"standard",NULL,NULL,NULL,"0","0","0","0",NULL,"[]"
"147","HBK000147","13631404445450",NULL,NULL,"shengli kufuli no 50","shengli-kufuli-no-50-MzOSPb",NULL,NULL,NULL,NULL,NULL,NULL,NULL,"[]","carton",NULL,"kg",NULL,NULL,NULL,"cm",NULL,"liter","1750.00","210000.00","carton","120.00",NULL,NULL,"0.00","standard","0.000","0.000","0.000","30.000","50.000","30.000",NULL,NULL,NULL,NULL,NULL,NULL,NULL,"0","months","30","1","0","1","1",NULL,NULL,"2026-02-13 15:03:23","2026-02-13 15:03:23",NULL,"products/147/BKjDnCjrFzIQMOVFOhVbjA0qbFSTEidrvZ4LYYjT.jpeg",NULL,NULL,NULL,NULL,NULL,"standard",NULL,NULL,NULL,"0","0","0","0",NULL,"[]"
"148","HBK000148","87320099982047",NULL,NULL,"shengli kufuli no 63","shengli-kufuli-no-63-dKr3gP",NULL,NULL,NULL,NULL,NULL,NULL,NULL,"[]","carton",NULL,"kg",NULL,NULL,NULL,"cm",NULL,"liter","2986.11","215000.00","carton","72.00",NULL,NULL,"0.00","standard","0.000","0.000","0.000","12.000","50.000","12.000",NULL,NULL,NULL,NULL,NULL,NULL,NULL,"0","months","30","1","0","1","1",NULL,NULL,"2026-02-13 15:12:45","2026-02-13 15:12:45",NULL,"products/148/qXbkIPVH7R9gKYBfAIMsvxJ5B3MNvjgAEBdzBOdG.jpeg",NULL,NULL,NULL,NULL,NULL,"standard",NULL,NULL,NULL,"0","0","0","0",NULL,"[]"
"149","HBK000149","56045945590253",NULL,NULL,"shengli kufuli no 75","shengli-kufuli-no-75-6BvZWZ",NULL,NULL,NULL,NULL,NULL,NULL,NULL,"[]","carton",NULL,"kg",NULL,NULL,NULL,"cm",NULL,"liter","4027.78","145000.00","carton","36.00",NULL,NULL,"0.00","standard","0.000","0.000","0.000","10.000","50.000","10.000",NULL,NULL,NULL,NULL,NULL,NULL,NULL,"0","months","30","1","0","1","1",NULL,NULL,"2026-02-13 15:22:10","2026-02-13 15:22:10",NULL,"products/149/zugCYhcgnj2K4CBpwj125EKV3a7nbQo0RXbcGI06.jpeg",NULL,NULL,NULL,NULL,NULL,"standard",NULL,NULL,NULL,"0","0","0","0",NULL,"[]"
"150","HBK000150","65856629751947",NULL,NULL,"solte kufuli no 30","solte-kufuli-no-30-jnAXQx",NULL,NULL,NULL,NULL,NULL,NULL,NULL,"[]","carton",NULL,"kg",NULL,NULL,NULL,"cm",NULL,"liter","937.50","135000.00","carton","144.00",NULL,NULL,"0.00","standard","0.000","0.000","0.000","36.000","50.000","35.998",NULL,NULL,NULL,NULL,NULL,NULL,NULL,"0","months","30","1","0","1","1",NULL,NULL,"2026-02-13 15:33:42","2026-02-13 15:33:42",NULL,"products/150/TN91gRzPtevCO0JQ7peXIKSEES7HcReQloMYjnOD.jpeg",NULL,NULL,NULL,NULL,NULL,"standard",NULL,NULL,NULL,"0","0","0","0",NULL,"[]"
"151","HBK000151","58512334752671",NULL,NULL,"solte kufuli no 40","solte-kufuli-no-40-dgnNtX",NULL,NULL,NULL,NULL,NULL,NULL,NULL,"[]","carton",NULL,"kg",NULL,NULL,NULL,"cm",NULL,"liter","1406.25","135000.00","carton","96.00",NULL,NULL,"0.00","standard","0.000","0.000","0.000","36.000","50.000","36.000",NULL,NULL,NULL,NULL,NULL,NULL,NULL,"0","months","30","1","0","1","1",NULL,NULL,"2026-02-13 15:36:59","2026-02-13 15:36:59",NULL,"products/151/PPjfnqrkyin8sPzts1LGwVxDK3ryoTEeqh3wlJiE.jpeg",NULL,NULL,NULL,NULL,NULL,"standard",NULL,NULL,NULL,"0","0","0","0",NULL,"[]"
"152","HBK000152","32855055890377",NULL,NULL,"solte kufuli no  50","solte-kufuli-no-50-6TbxcP",NULL,NULL,NULL,NULL,NULL,NULL,NULL,"[]","carton",NULL,"kg",NULL,NULL,NULL,"cm",NULL,"liter","1875.00","135000.00","carton","72.00",NULL,NULL,"0.00","standard","0.000","0.000","0.000","36.000","50.000","36.000",NULL,NULL,NULL,NULL,NULL,NULL,NULL,"0","months","30","1","0","1","1",NULL,NULL,"2026-02-13 15:39:44","2026-02-15 11:50:07",NULL,"products/152/OsYhameZ4NUyjMjuvuzBOQm3FapH7CYX4vurpzxW.jpeg",NULL,NULL,NULL,NULL,NULL,"standard",NULL,NULL,NULL,"0","0","0","0",NULL,"[]"
"153","HBK000153","28295101535977",NULL,NULL,"solte kufuli no 60","solte-kufuli-no-60-oqISqy",NULL,NULL,NULL,NULL,NULL,NULL,NULL,"[]","carton",NULL,"kg",NULL,NULL,NULL,"cm",NULL,"liter","2430.56","175000.00","carton","72.00",NULL,NULL,"0.00","standard","0.000","0.000","0.000","36.000","50.000","36.000",NULL,NULL,NULL,NULL,NULL,NULL,NULL,"0","months","30","1","0","1","1",NULL,NULL,"2026-02-13 15:44:04","2026-02-13 15:44:04",NULL,"products/153/Et3lw2dODGOkEVrcxm80QaFb092xW7bbmu12VrHa.jpeg",NULL,NULL,NULL,NULL,NULL,"standard",NULL,NULL,NULL,"0","0","0","0",NULL,"[]"
"154","HBK000154","25574068685259",NULL,NULL,"solte kufuli no 70","solte-kufuli-no-70-k4kp66",NULL,NULL,NULL,NULL,NULL,NULL,NULL,"[]","carton",NULL,"kg",NULL,NULL,NULL,"cm",NULL,"liter","2569.44","185000.00","carton","72.00",NULL,NULL,"0.00","standard","0.000","0.000","0.000","36.000","50.000","36.000",NULL,NULL,NULL,NULL,NULL,NULL,NULL,"0","months","30","1","0","1","1",NULL,NULL,"2026-02-13 15:49:46","2026-02-15 11:34:35",NULL,"products/154/t6jP7XsJIYHovllAtJRL5OMX39nzmLrhvV8gfipQ.jpeg",NULL,NULL,NULL,NULL,NULL,"standard",NULL,NULL,NULL,"0","0","0","0",NULL,"[]"
"155","HBK000155","97055936706681",NULL,NULL,"kaihong kufuli kadi","kaihong-kufuli-kadi-BEap0R",NULL,NULL,NULL,NULL,NULL,NULL,NULL,"[]","piece",NULL,"kg",NULL,NULL,NULL,"cm",NULL,"liter","10000.00","10000.00","dozen","1.00",NULL,NULL,"0.00","standard","0.000","0.000","0.000","5.000","50.000","5.000",NULL,NULL,NULL,NULL,NULL,NULL,NULL,"0","months","30","1","0","1","1",NULL,NULL,"2026-02-16 09:24:28","2026-02-16 09:24:28",NULL,"products/155/9QRLTEsLPxLpV3cwdiheTQutvP6fCG3J3LueoSDG.jpeg",NULL,NULL,NULL,NULL,NULL,"standard",NULL,NULL,NULL,"0","0","0","0",NULL,"[]"
"156","HBK000156","47729012738613",NULL,NULL,"Fredrick Mushi","fredrick-mushi-jExr4Z",NULL,"120","1",NULL,NULL,NULL,NULL,"[]","piece",NULL,"kg",NULL,NULL,NULL,"cm",NULL,"liter","1000.00","1000.00","piece","1.00",NULL,NULL,"0.00","standard","0.002","0.000","0.000","10.000","50.000","10.000",NULL,NULL,NULL,NULL,NULL,NULL,NULL,"0","months","30","1","0","1","1",NULL,NULL,"2026-02-16 10:28:39","2026-02-16 10:51:15","2026-02-16 10:51:15",NULL,NULL,NULL,NULL,NULL,NULL,"standard",NULL,NULL,NULL,"0","0","0","0",NULL,"[]"
"157","HBK000157","19041081543831",NULL,NULL,"Fredrick Mushi","fredrick-mushi-hGgRDY",NULL,"1",NULL,NULL,NULL,NULL,NULL,"[]","piece",NULL,"kg",NULL,NULL,NULL,"cm",NULL,"liter","200.00","200.00","piece","1.00",NULL,NULL,"0.00","standard","0.000","0.000","0.000","10.000","50.000","10.000",NULL,NULL,NULL,NULL,NULL,NULL,NULL,"0","months","30","1","0","1","1",NULL,NULL,"2026-02-16 10:56:47","2026-02-16 10:57:10","2026-02-16 10:57:10",NULL,NULL,NULL,NULL,NULL,NULL,"standard",NULL,NULL,NULL,"0","0","0","0",NULL,"[]"
"158","HBK000158","37047126473429",NULL,NULL,"Window 11 pro","window-11-pro-P4EnPs",NULL,"1",NULL,NULL,"Chibo Printing",NULL,NULL,"[]","piece",NULL,"kg",NULL,NULL,NULL,"cm",NULL,"liter","4999.99","4999.99","piece","1.00",NULL,NULL,"0.00","standard","0.002","0.000","0.000","10.000","50.000","10.000",NULL,NULL,NULL,NULL,NULL,NULL,NULL,"0","months","30","1","0","1","1",NULL,NULL,"2026-02-16 10:57:42","2026-02-16 10:57:55","2026-02-16 10:57:55",NULL,NULL,NULL,NULL,NULL,NULL,"standard",NULL,NULL,NULL,"0","0","0","0",NULL,"[]"
"159","HBK000159","35538780493614",NULL,NULL,"TEST","test-4on1G5","Here","20","1",NULL,"HERE",NULL,NULL,"[]","carton","10.000","kg",NULL,NULL,NULL,"cm",NULL,"liter","833.33","100000.00","carton","120.00",NULL,NULL,"0.00","standard","50.000","0.000","0.000","10.000","50.000","10.000",NULL,NULL,NULL,NULL,NULL,NULL,NULL,"0","months","30","1","0","1","1",NULL,NULL,"2026-02-16 13:34:57","2026-02-16 20:33:05","2026-02-16 20:33:05",NULL,NULL,NULL,NULL,NULL,NULL,"standard",NULL,NULL,NULL,"0","0","0","0",NULL,"[]"
"160","HBK000160","16060185005680",NULL,NULL,"solda kufuli kadi kijani","solda-kufuli-kadi-kijani-wdas3m",NULL,NULL,NULL,NULL,NULL,NULL,NULL,"[]","piece",NULL,"kg",NULL,NULL,NULL,"cm",NULL,"liter","17000.00","17000.00","dozen","1.00",NULL,NULL,"0.00","standard","0.000","0.000","0.000","10.000","50.000","10.000",NULL,NULL,NULL,NULL,NULL,NULL,NULL,"0","months","30","1","0","1","1",NULL,NULL,"2026-02-16 14:42:58","2026-02-16 14:42:58",NULL,"products/160/z28B8OH098PmDq1k9qlqdQeSxH3zF6gDAy7ohKTL.jpeg",NULL,NULL,NULL,NULL,NULL,"standard",NULL,NULL,NULL,"0","0","0","0",NULL,"[]"
"161","HBK000161","59177615725175",NULL,NULL,"solda kufuli kadi wanyama","solda-kufuli-kadi-wanyama-JJj1ND",NULL,NULL,NULL,NULL,NULL,NULL,NULL,"{""buying_unit"":""piece"",""buying_qty"":1}","piece",NULL,"kg",NULL,NULL,NULL,"cm",NULL,"liter","17000.00","17000.00","piece","1.00",NULL,NULL,"0.00","standard","0.000","0.000","0.000","10.000","50.000","10.000",NULL,NULL,NULL,NULL,NULL,NULL,NULL,"0","months","30","1","0","1","1",NULL,NULL,"2026-02-16 15:14:11","2026-02-16 20:33:21",NULL,"products/161/NBuSy6TegtIjES6DZVaVHX5SICWZeCENmZ2diV2z.jpeg",NULL,NULL,NULL,NULL,NULL,"standard",NULL,NULL,NULL,"0","0","0","0",NULL,"""[]"""
"162","HBK000162","21614584013126",NULL,NULL,"Iphone 11 Plain","iphone-11-plain-SIEMHW",NULL,"120","1",NULL,NULL,NULL,NULL,"[]","piece",NULL,"kg","1.00",NULL,NULL,"cm","1.002","liter","1000.00","1000.00","piece","1.00",NULL,NULL,"0.00","standard","0.000","0.000","0.000","10.000","50.000","10.000",NULL,NULL,NULL,NULL,NULL,NULL,NULL,"0","months","30","1","0","1","1",NULL,NULL,"2026-02-16 20:29:42","2026-02-16 20:29:56","2026-02-16 20:29:56",NULL,NULL,NULL,NULL,NULL,NULL,"standard",NULL,NULL,NULL,"0","0","0","0",NULL,"[]"
"163","HBK000163","76126533120791",NULL,NULL,"Fredrick Mushi","fredrick-mushi-n6Yc82",NULL,"120","1",NULL,"Chibo Printing",NULL,NULL,"[]","piece","1.000","kg","0.00",NULL,NULL,"cm",NULL,"liter","10000.00","10000.00","piece","1.00",NULL,NULL,"0.00","standard","10.000","0.000","0.000","9.998","50.000","10.000",NULL,NULL,NULL,NULL,NULL,NULL,NULL,"0","months","30","1","0","1","1",NULL,NULL,"2026-02-16 20:32:13","2026-02-16 20:32:20","2026-02-16 20:32:20",NULL,NULL,NULL,NULL,NULL,NULL,"standard",NULL,NULL,NULL,"0","0","0","0",NULL,"[]"
"164","HBK000164","79933659330258",NULL,NULL,"DELETE","delete-8lAFmE","Here we Go","20","1",NULL,"Here",NULL,NULL,"[]","carton",NULL,"kg",NULL,NULL,NULL,"cm",NULL,"liter","416.67","100000.00","carton","240.00",NULL,NULL,"0.00","standard","20.000","0.000","0.000","10.000","50.000","10.000",NULL,NULL,NULL,NULL,NULL,NULL,NULL,"0","months","30","1","0","1","1",NULL,NULL,"2026-02-17 06:15:36","2026-02-17 06:32:16","2026-02-17 06:32:16","products/164/NRnP7NJQJeTjWO37S4y7GWvlvgfbGchQdwPjgyg3.jpeg",NULL,NULL,NULL,NULL,NULL,"tools",NULL,NULL,NULL,"0","0","0","0",NULL,"[]"
"165","HBK000165","73911696303188",NULL,NULL,"tjhdh","tjhdh-bLTzc1",NULL,NULL,NULL,NULL,NULL,NULL,NULL,"[]","carton",NULL,"kg",NULL,NULL,NULL,"cm",NULL,"liter","666.00","666.00","carton","1.00",NULL,NULL,"0.00","standard","0.000","0.000","0.000","10.000","50.000","10.000",NULL,NULL,NULL,NULL,NULL,NULL,NULL,"0","months","30","1","0","1","1",NULL,NULL,"2026-02-17 06:31:50","2026-02-17 06:32:10","2026-02-17 06:32:10","products/165/Im6BkJPazCj76WqNFAviVHUFb8XAIxKMjXp4ZYPH.jpeg",NULL,NULL,NULL,NULL,NULL,"standard",NULL,NULL,NULL,"0","0","0","0",NULL,"[]"
